#,UTC Time,Grid,GPS Fix Validity,Track Attachment,Lat (°),Lon (°),Altitude (km),Vertical Speed (m/min),Speed (km/h),Computed Speed (km/h),Voltage (V),Temperature (°C),Sun Elevation (°),# RX Reports,Average RX Frequency (Hz),Max RX Distance (km),Max SNR (dB)
112,2025-11-13 09:36,KM67ls,1,1,37.77,32.96,6.62,0,30,26,4.90,0,34,8,79,2747,-17
111,2025-11-13 09:26,KM67,1,0,37.50,33.00,,,,,,,35,3,102,2649,-21
110,2025-11-12 11:36,KM36,1,0,36.50,27.00,,,,,,,31,4,92,1967,-12
109,2025-11-12 11:26,KM36kf,1,1,36.23,26.88,6.54,-4,30,,3.20,-4,32,50,78,3159,-7
108,2025-11-12 11:16,KM36jf,1,1,36.23,26.79,6.58,8,33,,4.85,-2,33,48,74,3002,-9
107,2025-11-12 11:06,KM36ie,1,1,36.19,26.71,6.50,2,30,,3.15,-5,34,27,76,2860,-6
106,2025-11-12 10:56,KM36he,1,1,36.19,26.63,6.48,-4,30,,4.95,3,34,35,76,3866,-2
105,2025-11-12 10:46,KM36he,1,1,36.19,26.63,6.52,0,26,36,3.10,-6,35,24,79,2471,-1
104,2025-11-12 10:36,KM36ge,1,1,36.19,26.54,6.52,1,26,,3.15,0,35,35,77,3005,-5
103,2025-11-12 10:26,KM36,1,0,36.50,27.00,,,,,,,35,10,77,2132,-6
102,2025-11-12 10:16,KM36ee,1,1,36.19,26.38,6.50,2,30,,3.20,-6,36,49,74,3003,-10
101,2025-11-12 10:06,KM36ee,1,1,36.19,26.38,6.48,0,33,,4.95,-3,36,66,74,3843,-4
100,2025-11-12 09:56,KM36dd,1,1,36.15,26.29,6.48,1,30,36,3.35,-1,36,63,74,3007,-8
99,2025-11-12 09:46,KM36,1,0,36.50,27.00,,,,,,,36,6,67,2414,-12
98,2025-11-12 09:36,KM36cd,1,1,36.15,26.21,6.46,-10,30,,3.20,0,36,74,76,3828,-6
97,2025-11-12 09:26,KM36bd,1,1,36.15,26.13,6.56,6,33,,4.85,-4,36,98,75,3821,-3
96,2025-11-12 09:16,KM36ad,1,1,36.15,26.04,6.50,-120,30,,3.00,0,35,74,71,3005,-7
95,2025-11-12 09:06,KM26xd,1,1,36.15,25.96,7.70,120,30,28,3.05,2,35,69,72,3806,-5
94,2025-11-12 08:56,KM26wd,1,1,36.15,25.88,6.50,-2,33,,3.20,-4,34,78,72,3798,-8
93,2025-11-12 08:46,KM26,1,0,36.50,25.00,,,,,,,33,54,71,3721,-6
92,2025-11-12 08:36,KM26vd,1,1,36.15,25.79,6.54,2,37,,3.05,-5,33,45,74,3791,-3
91,2025-11-12 08:26,KM26vc,1,1,36.10,25.79,6.52,2,33,,4.85,0,32,26,76,3791,-15
90,2025-11-12 08:16,KM26uc,1,1,36.10,25.71,6.50,0,37,45,4.80,-7,31,29,76,3783,-11
89,2025-11-11 12:16,JM88,1,0,38.50,17.00,,,,,,,29,24,72,1957,-13
88,2025-11-11 12:06,JM78xo,1,1,38.60,15.96,6.50,-1,52,51,4.90,6,30,26,75,1753,-11
87,2025-11-11 11:16,JM78rq,1,1,38.69,15.46,6.54,2,48,,4.95,8,33,36,77,1861,-8
86,2025-11-11 11:06,JM78pr,1,1,38.73,15.29,6.52,-6,44,,3.10,8,34,22,74,1849,-9
85,2025-11-11 10:56,JM78,1,0,38.50,15.00,,,,,,,34,20,76,1737,-13
84,2025-11-11 10:46,JM78os,1,1,38.77,15.21,6.64,0,41,47,4.95,1,34,17,77,1632,-8
83,2025-11-11 10:36,JM78,0,0,38.50,15.00,,,,,4.85,0,34,21,85,1737,-14
82,2025-11-11 10:26,JM78,1,0,38.50,15.00,,,,,,,34,2,67,368,-22
81,2025-11-11 10:06,JM78,1,0,38.50,15.00,,,,,,,33,2,66,368,-24
80,2025-11-11 09:26,JM78,1,0,38.50,15.00,,,,,,,31,1,65,1077,-10
79,2025-11-10 12:16,JN11,1,0,41.50,3.00,,,,,,,30,1,66,1031,-10
78,2025-11-10 11:56,JN11,1,0,41.50,3.00,,,,,,,31,40,74,6143,-4
77,2025-11-10 11:26,JN11,1,0,41.50,3.00,,,,,,,31,23,79,1445,-6
76,2025-11-10 11:16,JN11,1,1,41.50,3.00,,,,,,,31,14,76,1078,-11
75,2025-11-10 10:36,JN11,0,0,41.50,3.00,,,,,4.85,-6,30,27,81,1445,-3
74,2025-11-09 13:46,IN50,1,0,40.50,-9.00,,,,,,,29,3,65,1682,-13
73,2025-11-09 13:26,IN50dc,1,1,40.10,-9.71,6.44,0,59,59,3.05,0,31,41,74,2335,-6
72,2025-11-09 13:06,IN50,1,0,40.50,-9.00,,,,,,,32,6,67,1615,-14
71,2025-11-09 12:56,IN40,1,0,40.50,-11.00,,,,,,,32,15,66,5297,-17
70,2025-11-09 12:36,IN40,1,0,40.50,-11.00,,,,,,,33,32,72,5297,-13
69,2025-11-09 12:26,IN40tb,1,1,40.06,-10.38,6.46,-2,59,,3.15,5,33,28,71,5365,-16
68,2025-11-09 12:16,IN40sb,1,1,40.06,-10.46,6.48,2,56,,4.85,-2,33,34,73,5358,-15
67,2025-11-09 12:06,IN40qb,1,1,40.06,-10.63,6.46,1,56,64,4.85,3,33,31,71,5345,-12
66,2025-11-09 11:46,IN40,1,0,40.50,-11.00,,,,,,,32,11,76,5297,-8
65,2025-11-09 11:36,IN40,1,0,40.50,-11.00,,,,,,,31,25,71,1947,-16
64,2025-11-09 11:26,IN40ka,1,1,40.02,-11.13,6.44,0,56,88,4.90,1,31,42,72,5878,-7
63,2025-11-09 11:06,IN40,1,0,40.50,-11.00,,,,,,,30,1,66,1348,-7
62,2025-11-08 15:36,HM48,1,0,38.50,-31.00,,,,,,,29,3,66,3321,-19
61,2025-11-08 14:46,HM38wj,1,1,38.40,-32.13,6.42,-11,100,88,4.95,-4,34,10,66,3664,-12
60,2025-11-08 14:26,HM38sj,1,1,38.40,-32.46,6.64,10,104,,4.95,9,34,26,63,4270,-6
59,2025-11-08 14:16,HM38qi,1,1,38.35,-32.63,6.54,8,85,110,4.90,1,35,12,67,3624,-15
58,2025-11-08 14:06,HM38ni,1,1,38.35,-32.88,6.46,6,100,,3.25,-4,35,24,66,4028,-7
57,2025-11-08 13:56,HM38lh,1,1,38.31,-33.04,6.40,-8,100,102,3.25,4,35,11,67,3600,-5
56,2025-11-08 13:46,HM38ih,1,1,38.31,-33.29,6.48,3,100,,3.20,-1,35,22,62,4201,-9
55,2025-11-08 13:36,HM38,1,0,38.50,-33.00,,,,,,,35,7,62,3588,-17
54,2025-11-08 13:26,HM38eg,1,1,38.27,-33.63,6.42,1,100,88,3.20,0,35,15,63,4173,-10
53,2025-11-08 13:06,HM28xf,1,1,38.23,-34.04,6.40,-2,100,,4.90,7,34,11,61,5000,-6
52,2025-11-08 12:56,HM28wf,1,1,38.23,-34.13,6.42,1,100,99,4.85,-1,33,11,67,3826,-12
51,2025-11-08 12:46,HM28,1,0,38.50,-35.00,,,,,,,32,19,63,4050,-10
50,2025-11-08 12:36,HM28,1,0,38.50,-35.00,,,,,,,31,20,64,4911,-10
49,2025-11-08 12:16,HM28ne,1,1,38.19,-34.88,6.38,0,104,102,3.00,7,30,28,63,4932,-8
48,2025-11-08 12:06,HM28,1,0,38.50,-35.00,,,,,,,28,2,66,3265,-15
47,2025-11-07 17:36,GM15,1,0,35.50,-57.00,,,,,,,30,27,67,6110,-7
46,2025-11-07 17:26,GM15,1,0,35.50,-57.00,,,,,,,32,32,65,5573,-13
45,2025-11-07 17:16,GM15sx,1,1,35.98,-56.46,6.28,8,104,,4.90,10,32,26,66,4053,-9
44,2025-11-07 17:06,GM15pw,1,1,35.94,-56.71,6.20,1,100,90,3.30,7,33,38,67,5943,-6
43,2025-11-07 16:56,GM15,1,0,35.50,-57.00,,,,,,,34,9,65,2435,-12
42,2025-11-07 16:46,GM15lw,1,1,35.94,-57.04,6.18,-14,96,,3.10,12,35,34,64,4989,-8
41,2025-11-07 16:36,GM15jw,1,1,35.94,-57.21,6.32,12,96,105,3.10,15,36,39,64,5523,-6
40,2025-11-07 16:26,GM15gv,1,1,35.90,-57.46,6.20,0,96,,3.00,10,36,74,66,5570,-2
39,2025-11-07 16:16,GM15ev,1,1,35.90,-57.63,6.20,-2,96,,3.15,13,37,58,67,5033,-2
38,2025-11-07 16:06,GM15cv,1,1,35.90,-57.79,6.22,4,96,92,4.95,11,37,64,67,4690,-1
37,2025-11-07 15:56,GM15au,1,1,35.85,-57.96,6.18,-8,19,,3.10,11,38,58,66,4188,-3
36,2025-11-07 15:46,GM05wu,1,1,35.85,-58.13,6.26,12,96,,3.20,7,38,68,66,5443,2
35,2025-11-07 15:36,GM05ut,1,1,35.81,-58.29,6.14,-4,96,113,3.55,14,38,42,67,2425,-1
34,2025-11-07 15:26,GM05rt,1,1,35.81,-58.54,6.18,0,33,,3.10,10,38,39,64,2907,0
33,2025-11-07 15:16,GM05pt,1,1,35.81,-58.71,6.18,0,96,92,4.95,3,38,45,66,2544,-3
32,2025-11-07 15:06,GM05ns,1,1,35.77,-58.88,6.18,0,96,,3.20,13,37,66,68,4607,0
31,2025-11-07 14:56,GM05ls,1,1,35.77,-59.04,6.18,2,96,,3.60,15,37,75,68,4594,1
30,2025-11-07 14:46,GM05jr,1,1,35.73,-59.21,6.16,-12,93,113,3.10,7,36,57,66,4547,-4
29,2025-11-07 14:36,GM05hr,1,1,35.73,-59.38,6.28,4,89,,3.00,6,36,60,67,4568,0
28,2025-11-07 14:26,GM05er,1,1,35.73,-59.63,6.24,2,89,76,3.10,7,35,55,67,4520,-2
27,2025-11-07 14:16,GM05,1,0,35.50,-59.00,,,,,,,34,20,69,1983,-7
26,2025-11-07 14:06,GM05bq,1,1,35.69,-59.88,6.20,4,85,,3.15,7,33,55,70,4507,-4
25,2025-11-07 13:56,FM95xq,1,1,35.69,-60.04,6.16,-8,85,76,4.90,10,32,57,70,4516,-4
24,2025-11-07 13:46,FM95vp,1,1,35.65,-60.21,6.24,2,89,,4.90,8,31,47,69,4488,-4
23,2025-11-07 13:36,FM95,1,0,35.50,-61.00,,,,,,,29,14,67,1806,-11
22,2025-11-07 13:26,FM95sp,1,1,35.65,-60.46,6.20,0,89,97,4.85,13,28,45,68,4472,-7
21,2025-11-06 18:56,EM98,1,0,38.50,-81.00,,,,,,,30,2,66,732,-10
20,2025-11-06 18:46,EM98,1,0,38.50,-81.00,,,,,,,31,16,73,1594,-7
19,2025-11-06 18:06,EM99,1,0,39.50,-81.00,,,,,,,33,13,68,1166,-12
18,2025-11-06 17:56,EM99fb,1,1,39.06,-81.54,6.14,1,93,115,4.90,-4,34,51,68,2608,-4
17,2025-11-06 17:46,EM99,1,0,39.50,-81.00,,,,,,,34,23,74,1634,-9
16,2025-11-06 17:36,EM89xb,1,1,39.06,-82.04,6.12,6,96,,3.15,6,35,75,70,2566,-3
15,2025-11-06 17:26,EM89vb,1,1,39.06,-82.21,6.06,5,89,88,3.30,-3,35,66,71,2729,-3
14,2025-11-06 17:16,EM89,1,0,39.50,-83.00,,,,,,,34,75,71,2739,-2
13,2025-11-06 17:06,EM89rb,1,1,39.06,-82.54,5.96,-1260,15,,3.05,8,35,87,69,3485,-1
12,2025-11-06 16:56,EM89pd,1,1,39.15,-82.71,18.56,1266,89,87,3.45,7,35,97,71,3359,-2
11,2025-11-06 16:46,EM89nb,1,1,39.06,-82.88,5.90,14,78,,3.55,11,34,63,69,2781,-1
10,2025-11-06 16:36,EM89lc,1,1,39.10,-83.04,5.76,36,78,,3.05,9,34,70,70,2768,1
9,2025-11-06 16:26,EM89jc,1,1,39.10,-83.21,5.40,44,81,70,3.10,8,34,54,70,2468,1
8,2025-11-06 16:16,EM89,1,0,39.50,-83.00,,,,,,,33,66,71,3235,1
7,2025-11-06 16:06,EM89ge,1,1,39.19,-83.46,4.52,42,70,,4.90,10,32,68,70,2736,-1
6,2025-11-06 15:56,EM89,0,0,39.50,-83.00,,,,,4.90,13,31,53,70,2568,2
5,2025-11-06 15:46,EM89dg,1,1,39.27,-83.71,3.68,35,56,40,4.90,15,31,54,70,2715,2
4,2025-11-06 15:36,EM89,1,0,39.50,-83.00,,,,,,,30,10,70,1478,-4
3,2025-11-06 15:26,EM79,1,0,39.50,-85.00,,,,,,,28,14,67,1328,-8
2,2025-11-06 14:06,EM79vr,1,1,39.73,-84.21,0.20,,0,,4.15,15,18,41,70,2802,-6
1,2025-11-06 13:56,EM79,1,0,39.50,-85.00,,,,,,,16,1,107,701,-23